Id,Sentiment,Acara TV,Text Tweet
1,positive,HitamPutihTransTV,"Undang @N_ShaniJKT48 ke hitamputih, pemenang SSK JKT48 harusnya mJKT48 ini lebih Layak di Undang karena prestasinya"
2,positive,HitamPutihTransTV,Selamat berbuka puasa Semoga amal ibadah hari ni diterima Allah #hitamputih
3,positive,HitamPutihTransTV,"Ada nih di trans7 hitam putih, dia dpt penghargaan juga di norwegia #hitamputih"
4,positive,HitamPutihTransTV,selamat ya mas @adietaufan masuk hitamputih
5,positive,HitamPutihTransTV,Asiknya nonton Hitam Putih Trans7
6,positive,HitamPutihTransTV,@TRANS7 acara paling komplit dan menarik apalagi ada hitam putih
7,positive,HitamPutihTransTV,hitam putih T7 inspiratif banget
8,positive,HitamPutihTransTV,Suka banget dengan acara hitam putih
9,positive,HitamPutihTransTV,Keren lu bro #HitamPutihTrans7
10,positive,HitamPutihTransTV,"Tadi ada yg liat hitam putih di trans7 ga, Ada sanggu ganteng"
11,positive,HitamPutihTransTV,cinta mengikat silaturahmi di hati ... #LunaMaya #hitamputihtrans7 .... https://www.instagram.com/p/BTqszJ3jO9A/
12,positive,HitamPutihTransTV,Terima kasih pak.... Sudah mau membantu kami untuk menyekolahkan adik saya.... #hitamputihtrans7
13,positive,HitamPutihTransTV,Semoga lancar hitamputihtrans7
14,positive,HitamPutihTransTV,Trans7 Hitam Putih terbaik https://www.instagram.com/p/BTYyTXMgVKd/
15,positive,HitamPutihTransTV,Acara hitam putih paling bagus buat di lihat
16,positive,HitamPutihTransTV,"@TRANS7 undang @DA3_Rafly di acara hitam putih ya,dia jebolan dangdut academi pinter nyanyi lagu india suaranya keren"
17,positive,HitamPutihTransTV,"Bagus Rancangan Seperti ini di TRANS7 HitamPutih, Sambil2 Dakwah Hiburannya. Terima kasih Ustadz Wijayanto..."
18,positive,HitamPutihTransTV,"Wah kapan Rihanna bisa jadi bintang tamu Hitam Putih kayak di @ASAL_Trans7. jadi kangen, kapan tayang lagi di @TRANS7?"
19,positive,HitamPutihTransTV,Terimakasih telah menonton Hitam Putih malam ini. Semoga dapat menginspirasi dan dapat memberikan pelajaran utk Sobat7. #RafatharonHP
20,positive,HitamPutihTransTV,Acara hitam putih di trans7 topiknya bagus nih. Ttg Kepribadian ganda.
21,positive,HitamPutihTransTV,Nonton kisah anastasya wella di #hitamputihtrans7 seru bgt ya kisahnya. Punya 9 kepribadian berbeda.
22,positive,HitamPutihTransTV,Yang bikin selalu rindu kalau jauh dari nya... #hitamputihtrans7
23,positive,HitamPutihTransTV,@HitamPutih wihh hebat kakek neneknya @TRANS7
24,positive,HitamPutihTransTV,Setelah menunggu sekian lama. Akhirnya @yukikatou2 nongol juga di HITAM PUTIH TRANS7
25,positive,HitamPutihTransTV,makin asik hitam putih
26,positive,HitamPutihTransTV,"Spensa Boys asal poso di hitam putih trans7 ASLI KALIAN KEREN!! yang pake kemeja biru putih, si gingsul ada salam dari sini"
27,positive,HitamPutihTransTV,Wahh asik nih vocalgrup #HitamPutih... thanks @TRANS7
28,positive,HitamPutihTransTV,setiap hari aku slalu nonton Hitam Putih di Trans7. Hbs acara nya bagus banget mas Dedy.
29,positive,HitamPutihTransTV,Acara Hitam Putih di Trans7 malam ini pembahasannya MANTAB! Setuju kalau bakal diperbanyak yang mengulas hal semacam ini
30,positive,HitamPutihTransTV,lg seru nonton hitam putih.. terus lanjut nonton on the spot @indahmariana19 @hitamputiht7 @trans7
31,positive,HitamPutihTransTV,#HPJkt48 #JKT48HitamPutihT7 trio unyu di acara master Dedy.. Thanks #HitamPutih
32,positive,HitamPutihTransTV,perusahaan jujur pasti punya pekerja yg jujur. #hitamPutihT7
33,positive,HitamPutihTransTV,"Keren, undang mereka dong di acara HitamPutih atau acara presiden @news_trans7"
34,positive,HitamPutihTransTV,Suka banget sama episode Hitam Putih malam ini! #HitamPutih_Trans7
35,positive,HitamPutihTransTV,"Kangen jeketi jadi bintang tamu Hitam Putih Trans7, seru aja gitu pas jaman gen 1 diundang ke hitam putih"
36,positive,HitamPutihTransTV,Terima kasih telah menyaksikan Hitam Putih hari ini. Semoga menginspirasi dan terhibur
37,positive,HitamPutihTransTV,makin ok saja hitam putih... mau donk di undang.....
38,positive,HitamPutihTransTV,Sangat menginspirasi. #hitamputihtrans7 #FOCUS Hari ini banyak inspirasi buat saya
39,positive,HitamPutihTransTV,seru nih hitam putih trans7 live
40,positive,HitamPutihTransTV,Bersyukurlah kita hidup di Indonesia #hitamputihtrans7
41,positive,HitamPutihTransTV,"Setuju banget sama ucapan deddy corbuzier di Hitam Putih Trans7 hr ini. Guru tak perlu diberikan tanda jasa, cukup naikan gaji"
42,positive,HitamPutihTransTV,selamat siang selamat beraktivitas juga kami selalu menunggu hitam putih di chaenel kesayangan trans7
43,positive,HitamPutihTransTV,Ada @Stefan0Lilipaly & @andik_vermansah di #HitamPutihT7 Keren.. !!!
44,positive,HitamPutihTransTV,"nonton trans7 hitam putih keren abis jesika cantik, dedy ganteng @hitamputihtrans7"
45,positive,HitamPutihTransTV,acara hitam putih memang oke
46,positive,HitamPutihTransTV,"Yuk tweeps merapat, sebentar lagi Hitam Putih akan LIVE!"
47,positive,HitamPutihTransTV,"Tweeps terima kasih sudah menyaksikan Hitam Putih hari ini, besok kembali Live di @TRANS7 #HPViral"
48,positive,HitamPutihTransTV,#hitamputihtrans7 emang selalu keren.. siapapun tamunya..
49,positive,HitamPutihTransTV,"subhanallah, ni anak2 karunia yg tak ada bandingnya... trans7 hitamputih"
50,positive,HitamPutihTransTV,"Sangat terkesan setelah mendengar salah satu dr mereka, jika saya adalah orang yg... maju terus hitam putih semoga sukses slalu"
51,negative,HitamPutihTransTV,"Hitam putih bego, haruka diundang bentar biar pd liat younglex, udah gt malah dihina, Bego"
52,negative,HitamPutihTransTV,"Miris liat pemerintah, Juara angkat berat se-asia tp tdk ada biaya mengikuti kejurnas.. #miris #hitamputihtrans7 "
53,negative,HitamPutihTransTV,"Juara 1 angkat berat Se-Asia, tdk menerima hadiahnya dan tidak bisa ikut kejurnas karena terkendala biaya #hitamputihtrans7"
54,negative,HitamPutihTransTV,"haruka lain kali kalau diundang ke hitam putih ditolak aja, hostnya ga menghargai kamu"
55,negative,HitamPutihTransTV,Berasa aneh nonton acara Hitam Putih tapi penonton nya anak yg sekolah di sekolah gua #smkjakarta1
56,negative,HitamPutihTransTV,"sedih dengar curhatanmu, Roxana. Semoga Tuhan tunjukkan jalan dan titik terang utk Roxana #hitamputih #pegulat"
57,negative,HitamPutihTransTV,Miris ketika anak Indonesia kesulitan menggunakan Bahasa Indonesa dan lebih nyaman menggunakan bahasa asing #HitamPutihTrans7 #AkuIndonesia
58,negative,HitamPutihTransTV,"Sombongnya mentang2 kaya pake diumumkan, saya host kaya di Hitam Putih Trans7...!!!"
59,negative,HitamPutihTransTV,parah banget hitam putih di Trans7. Ngomong sembarang. Yg merusak generasi muda acara kyk gini
60,negative,HitamPutihTransTV,Orang bangkrut itu bukan perkara soal uang tetapi bangkrut itu orang yang sudah tidak punya mimpi -BangQomar #HitamPutihT7
61,negative,HitamPutihTransTV,Menakutkan Powernya Oma Martha #HitamPutihT7
62,negative,HitamPutihTransTV,"#hitamputihT7 jika hasilnya tdk sesuai dgn apa yg dikehendaki para pendemo akan demo lg, silakah jika ini diartikan sbg pemaksaan kehendak"
63,negative,HitamPutihTransTV,mulut farhat abas anjay bener di #HitamPutihT7
64,negative,HitamPutihTransTV,Klo episode berikutnya muncul lagi di @HitamPutihT7 saya ga bakal nonton lg hitam putih.. #hitamputiht7
65,negative,HitamPutihTransTV,Yaampun banyak anak kecil yang nonton #hitamputihT7
66,negative,HitamPutihTransTV,Seorang anak yg butuh pengakuan dari sang ayah #hitamPutihT7 @marioteguh
67,negative,HitamPutihTransTV,Mario Teguh mencampakkan anak nya ? #HitamPutihT7
68,negative,HitamPutihTransTV,"Orang tuna netra aja bisa berbagi, kok yg pegang jabatan tinggi korupsi #HitamPutihT7"
69,negative,HitamPutihTransTV,@pandji garing banget sih ni orang #hitamputiht7
70,negative,HitamPutihTransTV,"kalo sekarang yang nyanyi anak2,, tapi lagu Na ... Terlalu Menyakitkan Memalukan untuk disebutkan #savelaguanak #HitamputihT7"
71,negative,HitamPutihTransTV,bukan maksud ngatain tp cuma bertanya knp hanya orang kecil atau bawah yg ditindes? @HitamPutihT7 #HitamPutihT7
72,negative,HitamPutihTransTV,"Bos kau kalo cowo kerja salah di bentak abis, kalo cewe malah diajakin becanda trus ketawa #MyStupidBoss #HitamPutihT7"
73,negative,HitamPutihTransTV,suara sang veteran kalau perlu koruptor di hukum mati! #hitamPutihT7
74,negative,HitamPutihTransTV,Kok berita nya ga nyebar sih #HitamPutihT7 #Trans7
75,negative,HitamPutihTransTV,"@HitamPutihT7 buta tuh orang, dalem ruangan pake kacamata hitam #HitamPutihT7"
76,negative,HitamPutihTransTV,Ya dunia jadi terharu kepergian mbak jupe @hitamputih_trans7
77,negative,HitamPutihTransTV,jadi gitu nasib atlet kita ya? @KEMENPORA_RI #HitamputihT7
78,negative,HitamPutihTransTV,knp ya seorang sahabat bs lupa dg sahabatnya bila sudah bertemu teman lama / barunya? #HitamPutihT7
79,negative,HitamPutihTransTV,"Baby tatan nangis ngeliat daddy, @HitamPutihT7 #hitamputiht7"
80,negative,HitamPutihTransTV,angkat topi dan tundukkan kepala buat mbah simpen #hitamputihtrans7
81,negative,HitamPutihTransTV,toleransi umat beragama macam apa yg diterapkan di Serang Banten? Toleransi hanya mitos #hitamPutihT7
82,negative,HitamPutihTransTV,suara sang veteran : kalau perlu koruptor di hukum mati! #hitamPutihT7
83,negative,HitamPutihTransTV,Turut berduka buat anak nya buk pak #HitamPutihT7
84,negative,HitamPutihTransTV,ingin kan hal yg baik tetapi belum tentu semua itu sesuatu yg diharapkan? #moreppie #hitamputihT7
85,negative,HitamPutihTransTV,ga tau kenapa semua menjadi buruk ketika kau pergi #moreppie #hitamputihT7
86,negative,HitamPutihTransTV,#HitamPutihT7 udah sodok ajah bu haha #TributeToWanitaIndonesia
87,negative,HitamPutihTransTV,butuh ketegasan dari pihak masyarakat dan pemerintah kita butuh tindakan bukan hanya ngoceh di medsos #HitamPutihT7 #PollingHitamPutih
88,negative,HitamPutihTransTV,hidup itu harus dijalanin bukan dipikirin #hitamputiht7
89,negative,HitamPutihTransTV,Pemimpin itu adalah pribadi yang dikorbankan #HitamPutihT7
90,negative,HitamPutihTransTV,"Hidup ini dijalanin, bukan dipikirin. Mongol Stres #hitamputiht7"
91,negative,HitamPutihTransTV,"#HitamPutihT7 Demo gak akan nyelesaikan masalah, harusnya bermusyawara ajha #HitamPutihT7"
92,negative,HitamPutihTransTV,#hitamputihT7 bayangkan kalau seluruh konvensional akan buat online dimana pengusahanya tdk perlu bayar apa2. yg perorangan pasti kalah
93,negative,HitamPutihTransTV,"lebih enak taksi konvensional, kalo kita kepepet ada taksi yg lewat langsung, kalau nunggu yg online lama. #HitamPutihT7 #OnlineVsKonvension"
94,negative,HitamPutihTransTV,#hitamputiht7 apakah ada hal kaya gini di negara lain ? Intinya saya gk setuju usaha kaya gini #OnlineVSKonvensional
95,negative,HitamPutihTransTV,"Gak punya Gadget, mahal, nipu / gk jelas argonya sering argo kuda dan gak aman pake konvensional #hitamputihtrans7"
96,negative,HitamPutihTransTV,"Hidup itu pilihan, jangan pasrah dengan keadaan"
97,negative,HitamPutihTransTV,#HitamPutihT7 Gawat darurat tetangga menembaki dg sengaja kucing2 disekitar rumah #komplekrumahelitbandung
98,negative,HitamPutihTransTV,"miris sekali liat keadaan hewan yg di aniaya, #HitamPutihT7 #hpsayangbinatang"
99,negative,HitamPutihTransTV,"hanya membicarakan permasalahan orang lain, memalukan"
100,negative,HitamPutihTransTV,dedy sombong nya keteraluan
101,positive,IndonesiaLawyersClubTvOne,"Suka banget nonton #IndonesiaLawyersClub bisa menambah wawasan, bisa belajar cara membicarakan suatu masalah, keren @ILC_tvOnenews"
102,positive,IndonesiaLawyersClubTvOne,"ngakak, mantap dah pokoknya seru"
103,positive,IndonesiaLawyersClubTvOne,RINDU ILC INDOBESIA LAWYERS CLUB DI TVONE
104,positive,IndonesiaLawyersClubTvOne,"Indonesia Lawyers Club merupakan program talkshow paling ditunggu pemirsa tvOne, yang membahas topik2 terkini #9TAHUNTVONE"
105,positive,IndonesiaLawyersClubTvOne,Selalu kagum dengan Buya Syafii Maarif - ILC tvOne https://youtu.be/gPXSkLtAL5Y
106,positive,IndonesiaLawyersClubTvOne,"Saya punya Panglima yang membanggakan, ILC tvOne https://youtu.be/tR2tN1u7eAw"
107,positive,IndonesiaLawyersClubTvOne,Rating Indonesia Lawyers Club TV One Langsung Melesat #tvone #setelah411
108,positive,IndonesiaLawyersClubTvOne,Sejuk kalo ILC itu kayak gini obrolannya - ILC tvOne
109,positive,IndonesiaLawyersClubTvOne,"semuanya nonton tvOne, Indonesia Lawyers Club yuk"
110,positive,IndonesiaLawyersClubTvOne,Belajar cara berdebat di bidang hukum #ilc
111,positive,IndonesiaLawyersClubTvOne,Selamat tayang kembali Indonesia Lawyers Club tvOne
112,positive,IndonesiaLawyersClubTvOne,Ini yg bikin adem Hati.. Aa Gymnastiar #ilc
113,positive,IndonesiaLawyersClubTvOne,Ikhlas itu melepaskan dan mendoakan.. #ILC
114,positive,IndonesiaLawyersClubTvOne,Bang @karniilyas cerdas ... #ILC hebat
115,positive,IndonesiaLawyersClubTvOne,pak Ustadz. keren banget.. #ILC
116,positive,IndonesiaLawyersClubTvOne,#ilc saatnya damai bersenandung
117,positive,IndonesiaLawyersClubTvOne,Saatnya Damai Bersenandung #ILC dan Pemecah Belah Umat Beragama Dimusnahkan
118,positive,IndonesiaLawyersClubTvOne,Semoga makin paham seperti apa sejatinya rupa Indonesia #ILC
119,positive,IndonesiaLawyersClubTvOne,ILC malam ini adem #indonesialawyersclub
120,positive,IndonesiaLawyersClubTvOne,"Indahnya ILC malam ini, semua pemuka agama saling rangkul dan setuju untuk meninggalkan kasus ahok yang merusak keselarasan bangsa #ILC"
121,positive,IndonesiaLawyersClubTvOne,Setuju banget sama bapak ustad #ILC
122,positive,IndonesiaLawyersClubTvOne,Top banget Utadz Zaitun Rasmin #ilc
123,positive,IndonesiaLawyersClubTvOne,Yuk tonton TVOne selalu menyajikan berita2 obyektif #TVOneSllDihati
124,positive,IndonesiaLawyersClubTvOne,"#ilc,,, polmart memang bijaksana"
125,positive,IndonesiaLawyersClubTvOne,Rakyat mendukung KPK usut tuntas kasus e-KTP @karniilyas #ILCTVOne
126,positive,IndonesiaLawyersClubTvOne,Acara televisi yang sangat saya suka #ilcTvOne
127,positive,IndonesiaLawyersClubTvOne,ga sabar nunggu 2019!!! #ILCTvOne
128,positive,IndonesiaLawyersClubTvOne,semangat dan sehat selalu pak karni penonton setia menunggu ILC tayang kembali @karniilyas #ILCtvone
129,positive,IndonesiaLawyersClubTvOne,Adem dengerin nasehat dari Aa gym semoga sehat slalu dan dalam lindunganNYA #IslamJagaNKRI @GeneralGatot #ILCtvone
130,positive,IndonesiaLawyersClubTvOne,"sangat banyak ilmu yang bisa kita serap di #ILCTVONE semalam, menyejukan"
131,positive,IndonesiaLawyersClubTvOne,#ILCtvone bangga kepada #PANGLIMATNI #JendralGatotNurmantyo
132,positive,IndonesiaLawyersClubTvOne,"Salut dengan komitmen Pak @GeneralGatot , tegas, berwibawa, inilah Jenderal sesungguhnya. #ILC411 #ILCtvone"
133,positive,IndonesiaLawyersClubTvOne,Hormat jendral... #ilctvone #keren #nextpresiden2019
134,positive,IndonesiaLawyersClubTvOne,Aa gym.... Menyejukan mental dan jiwa #ilctvone
135,positive,IndonesiaLawyersClubTvOne,Terimakasih buya Syafii @maarifinstitute . Bangga dg kejernihaannya #ilctvone
136,positive,IndonesiaLawyersClubTvOne,Penjelasan Kapolri jelas dan tegas. Barakallahu. Mari buka hati #ilctvone  #JagaNKRI
137,positive,IndonesiaLawyersClubTvOne,"jika kita memiliki kasih,  seharusnya saling memaafkan jika ada org yg sudah mau minta maaf, itu baru keren, salut. #ilctvone"
138,positive,IndonesiaLawyersClubTvOne,"#Ilctvone @jonru @hafidz_ary @AHMADDHANIPRAST sampe diketawain, krn awalnya kalem, diujung keringat dingin matanya merem asli lucu"
139,positive,IndonesiaLawyersClubTvOne,Ahmad Dhani ngomong Pasti seru ini.... #ILCTVOne
140,positive,IndonesiaLawyersClubTvOne,"Mendengar pendapat pak hasim muzadi sangat menentramkan, keren #ilctvone"
141,positive,IndonesiaLawyersClubTvOne,Salut dan hormat utk bang jhonson panjaitan lugas dan masuk akal... #ILCtvone
142,positive,IndonesiaLawyersClubTvOne,Kompak dan sama  pembelaan antara BNN n Polisi...  #ilctvone
143,positive,IndonesiaLawyersClubTvOne,Keren kali abang pengacara botak ini #ILCTvOne
144,positive,IndonesiaLawyersClubTvOne,Jokowi ini org betul2 soleh.. hendropriyono #ilctvone
145,positive,IndonesiaLawyersClubTvOne,Top n mencerahkan prof @mohmahfudmd ..! #ilctvone
146,positive,IndonesiaLawyersClubTvOne,Media dukung Ahok karena pendapatan iklan dari korporasi juga besar. #ILCtvone
147,positive,IndonesiaLawyersClubTvOne,@ILC_tvOnenews keren bikin melek #ilctvone
148,positive,IndonesiaLawyersClubTvOne,Salut sama pak Darmawan Salihin...  #ILCTVONE
149,positive,IndonesiaLawyersClubTvOne,semga ilc tetap jadi memberikan informasi yang benar
150,positive,IndonesiaLawyersClubTvOne,"acara debat yag hebat, keren #ILC"
151,negative,IndonesiaLawyersClubTvOne,Yang di tunggu bukan tvshow tapi INDONESIA LAWYERS CLUB. TVshow tidak cocok dengan karakter siaran tvone!
152,negative,IndonesiaLawyersClubTvOne,"Indonesia Lawyers Club TvOne malam ini sepertinya batal tayang lagi. memalukan Rezim ini terlalu sakit, sehingga takut http://fb.me/18pYNAcs"
153,negative,IndonesiaLawyersClubTvOne,Potensi teroris sangat besar. Jangan bikin pernyataan yg memberi peluang pd teroris #ILC
154,negative,IndonesiaLawyersClubTvOne,"Indonesia banyak masalah tp gak ada sikap tegas dr pak presiden, ditanya di demo malah sibuk pencitraan & upload video gak penting! #ILC"
155,negative,IndonesiaLawyersClubTvOne,"Kalau melihat acara #ILC Membidik Habieb Rizieq, Habieb ga perlu pulang ke Indonesia. Ga penting. Ga mutu."
156,negative,IndonesiaLawyersClubTvOne,"@Busyro_Muqoddas : Minoritas ekonomi kuat menguasai Mayoritas Ekonomi lemah, tidak pernah dibahas, inilah sumber radikal, miris #ILC @karnii"
157,negative,IndonesiaLawyersClubTvOne,sekali lg mengingatkan @aniesbaswedan untuk jaga jarak dg Islamis radikal jika tak ingin melihat bangsa ini hancur. #ILC
158,negative,IndonesiaLawyersClubTvOne,omongannya ga menarik. ga berisi. #ILC
159,negative,IndonesiaLawyersClubTvOne,Anis difitnah katanya dia... #ILC
160,negative,IndonesiaLawyersClubTvOne,Sebuah pertanyaan kepada metromini utk dijadikan metronome yang dibentuk oleh kemacetan yang cukup padat di berikan oleh putra petir. #ilc
161,negative,IndonesiaLawyersClubTvOne,"buat para pembela AHOK, Cek cara berpikirnya, masa kalah sama ANAK SD. #AhokHarusDipenjara @ILC_tvOnenews #ILC"
162,negative,IndonesiaLawyersClubTvOne,@MataNajwa kok kayak provokatif ya pembawa acaranya. Beda kelas dg #ILC @ILC_tvOnenews
163,negative,IndonesiaLawyersClubTvOne,"Saya pribadi tdk suka dgn acara Mata Najwa dan ILC, tdk menyelesaikan masalah kayaknya. #matanajwa #ILC"
164,negative,IndonesiaLawyersClubTvOne,Benarkah kebohongan yang diulang-ulang... #iLc
165,negative,IndonesiaLawyersClubTvOne,Diracun dengan pujian.. #ILC
166,negative,IndonesiaLawyersClubTvOne,"males nonton, Topik #ILC ga kekinian."
167,negative,IndonesiaLawyersClubTvOne,Meskipun kebohongan itu lari secepat kilat satu waktu kebenaran akan mengalahkannya #ILC
168,negative,IndonesiaLawyersClubTvOne,"org yg namanya tampang Nabi tp hati Iblis, sesuai dgn pernyataan pengacara Nazarudin #ILC"
169,negative,IndonesiaLawyersClubTvOne,"para pejabat sedang sibuk membicarakan ""HAK ANGKET"", #ILC tv0ne http://fb.me/2RGmoq4cL"
170,negative,IndonesiaLawyersClubTvOne,saya paham bahwa saya gagal paham...  #ILC
171,negative,IndonesiaLawyersClubTvOne,"ngomong segitu panjang, gak dapet maksudnya mau apa... #aneh #ilc"
172,negative,IndonesiaLawyersClubTvOne,"Sumpah liat mukanya #FahriHamzah di #ILC pengen gw lempar pake sepatu,, nyebelin bgt"
173,negative,IndonesiaLawyersClubTvOne,Percuma pak. fahri dower itu masih sakit hati sama KPK. #ILC
174,negative,IndonesiaLawyersClubTvOne,"DPR TERUSIK,, KPK DIBIDIK #ILC"
175,negative,IndonesiaLawyersClubTvOne,@ReflyHZ Ajarin dewan ttg hak angket !!! #ILC
176,negative,IndonesiaLawyersClubTvOne,"Saya rakyat, tp saya jg kadang ga seneng lihat cara nya yg superbodi, kok kyknya tebang pilih jg.. #ILC"
177,negative,IndonesiaLawyersClubTvOne,#ILC merajut jakarta kembali setelah tercabik cabik karena kepemimpinan masa lalu
178,negative,IndonesiaLawyersClubTvOne,"@karniilyas maksudnya, cinta akan uang adalah akar kejahatan #ILCTVOne"
179,negative,IndonesiaLawyersClubTvOne,Makin hari makin geram ngeliat tingkah laku dan akhlaq oknum yang mengatasnama kan ISLAM #ILCTVONE
180,negative,IndonesiaLawyersClubTvOne,"Pembohongan publik itu, ketika rambut udah putih beruban tapi di cat hitam #ilctvone"
181,negative,IndonesiaLawyersClubTvOne,"#MataNajwa meskipun beda kelas sm #ILCTVOne knp masih bebas tanpa pembatalan, Tanya kenapa?????"
182,negative,IndonesiaLawyersClubTvOne,"Nonton ILC tokoh betawi bilang, org betawi itu gampang intinya, ""bacot lu jaga.."" jadi itulah intinya.. #ilctvone"
183,negative,IndonesiaLawyersClubTvOne,"Merajut kembali Jakarta? Gampang kok. ""Bacot lu jaga"" #ILCTVOne"
184,negative,IndonesiaLawyersClubTvOne,buya safii maarif yg lebih tua kalah bijak dari nasihat bung eep yg jauh lebih muda #ILCtvOne
185,negative,IndonesiaLawyersClubTvOne,Merampas hak dasar sebagai manusia harus batal demi hukum #ILCTvOne
186,negative,IndonesiaLawyersClubTvOne,Pihak polisi kasihan jadi terlihat sangat bodoh berhadapan dengan argumentasi hukum dan pakar IT #IlcTvOne
187,negative,IndonesiaLawyersClubTvOne,"itu bapak Abi Manyu kasian.... beliau tidak paham WhatsApp, miris #ilctvone"
188,negative,IndonesiaLawyersClubTvOne,Bintang #ILCtvOne pun muncul #AaGym Tidak ada partai atau tokoh manapun yang sanggup menggerakkan orang http://fb.me/2WDYOkqZU
189,negative,IndonesiaLawyersClubTvOne,"Menghimbau jangan terprovokasi, tp memantik kebencian.. Tidak meneduhkan tp membuat mendung.. #ILCTvOne"
190,negative,IndonesiaLawyersClubTvOne,Tindakan anarkis pada saat aksi bukan oleh pendemo #ILCTvOne #SaveHmI
191,negative,IndonesiaLawyersClubTvOne,"Sepenting apapun itu, ingat kita akan mati, seram #ILCtvone"
192,negative,IndonesiaLawyersClubTvOne,"siapa lagi? ketua preman pasar ikutan ngomong, memalukan #ILCtvone"
193,negative,IndonesiaLawyersClubTvOne,"jgn krn cuma jaga moral dr konten porno, negara ini darurat radikalisme, mau tunggu perang kyk di suriah baru kpi sadar? #ILCTVONE"
194,negative,IndonesiaLawyersClubTvOne,kami butuh fakta bukti bukan hanya ngomong kebohongan #ILCTVOne
195,negative,IndonesiaLawyersClubTvOne,Kasian ya yg bapak2 berpeci pake batik merah tadi air mata nya dikeluarin cuma krn ahoax #miris #ILCtvone
196,negative,IndonesiaLawyersClubTvOne,"Syaiton itu musuhmu, jgn dijadikan sbg teman Manusia bs kesetanan, tp setan tdk bs kemanusiaan... #insyaflahwahaimanusia #ILCtvone"
197,negative,IndonesiaLawyersClubTvOne,"#ILCtvone mendengar cerita bu marwah aku merasa bodoh, memalukan"
198,negative,IndonesiaLawyersClubTvOne,#ILCTVONE ini bang gaya nya benar2 pemikiran liberal miris sekali
199,negative,IndonesiaLawyersClubTvOne,Sesat pikir para pengamat #taxamnesti #ILCtvone
200,negative,IndonesiaLawyersClubTvOne,berbicara kelamaan ribet #ILC
201,positive,KickAndyMetroTV,"ih lucu, mas kick andy nya senyum2 aja"
202,positive,KickAndyMetroTV,nonton pak hasan Merkids di kick andy sangat menginspirasi salut pak hasan
203,positive,KickAndyMetroTV,cara Ubah Mimpimu Jadi Tindakan Kick Andy
204,positive,KickAndyMetroTV,Kickandy gokil #kickandy
205,positive,KickAndyMetroTV,"Terima kasih sudah menonton acara #kickandy eps ubah mimpimu jadi tindakan, semoga bermanfaat"
206,positive,KickAndyMetroTV,Temukan lentera jiwamu #kickandy #mahasiswaum
207,positive,KickAndyMetroTV,Agung.. Saya akan undang lagi.. Untuk bercerita banyak tentang perjalanan kehidupanmu.. #KickAndy
208,positive,KickAndyMetroTV,PARA MUSISI YG MENGGELORAKAN SEMANGAT NASIONALISME DAN KEBHINEKAAN UNJUK GIGI #KICKANDY NKRI HARGA MATI...
209,positive,KickAndyMetroTV,Anak2 mulai berimajinasi. #kickandy
210,positive,KickAndyMetroTV,CARA GILA MENDAKI GUNUNG #KickAndy Luar Biasa Mantap Jiwa
211,positive,KickAndyMetroTV,sayangilah alam niscaya alam akan menyayangimu #kickAndy
212,positive,KickAndyMetroTV,mantan narapidana pun dirangkulnya untuk dicarikan pekerjaan untuk menjalani hidup yg lbh baik lagi
213,positive,KickAndyMetroTV,Agung @eevnxx mampu membuktikan sebuah karya yg mengagumkan bisa dihasilkan dgn belajar scr otodidak
214,positive,KickAndyMetroTV,Salah satu kejadian yang membuat penonton tertawa saat agung hapsah muncul #KickAndy
215,positive,KickAndyMetroTV,Agung akan diundang  Untuk bercerita banyak tentang perjalanan kehidupanmu.. #KickAndy
216,positive,KickAndyMetroTV,Jatuh lalu bangkit Untuk membantu sesama #Kickandy
217,positive,KickAndyMetroTV,Rasa bangga itu ada setelah saya bs menyumbang karya kecil buat NKRI Ronny #KickAndy patut acungi jempol
218,positive,KickAndyMetroTV,"Sahabat Gimbal Alas, nanti malam jangan lupa ya nonton #KickAndy Cara Gila Mendaki Gunung ala Cak Tarpin"
219,positive,KickAndyMetroTV,"Hanya orang takut yang bisa berani, karena keberanian http://ekhs7903.m.nomor1.com/ekhs7903/menulis-adalah-kesenangan-saya.htm … #kickandy"
220,positive,KickAndyMetroTV,#kickandy Anda hanya dekat dengan mereka yang Anda sukai. Dan Anda menghindari orang yag tidak Anda sukai
221,positive,KickAndyMetroTV,Anak 16Th yang berfikir dewasa mampu mampu membiyayai sekolahnya sendiri dengan cara membajak sawah #kickandy @Metro_TV @MetroTVToday
222,positive,KickAndyMetroTV,"kangen lagi nonton #kickandy sama ayah, ayah langsung bilang, seharusnya kamu bersyukur"
223,positive,KickAndyMetroTV,#kickandy @KickAndyShow siang ini jg jadi ajang reuni sahabat kosti DKI dan kosti Jateng
224,positive,KickAndyMetroTV,Bapak ku lucu ya #kickandy
225,positive,KickAndyMetroTV,"besok pagi harus UTS, jd pulang duluan cuma poto bareng gambarnya #kickandy @KickAndyShow"
226,positive,KickAndyMetroTV,Bahagianya Masuk Tv bersama Kawan #kickandy @ Kick Andy… https://www.instagram.com/p/BTGua2KhkXQ/
227,positive,KickAndyMetroTV,Keren dan kocak nih tamu #kickAndy mereka-mereka yg memang lomba design yg berasal dari Malang
228,positive,KickAndyMetroTV,"lucu ni bapak, bikin ketawa terus, persis kayak di tv #kickandy http://ift.tt/2o1rW9W"
229,positive,KickAndyMetroTV,Terima Kasih #kickandy sudah menginspirasi saya membuka mata banyak orang karena kesetiaan yang teruji itulah Cinta yang sesungguhnya
230,positive,KickAndyMetroTV,Cinta itu agung. Tuhan itu luar biasa. #KickAndy
231,positive,KickAndyMetroTV,riasan terbaik seorang wanita adalah semangat dan rasa percaya dirinya.. #kickandy
232,positive,KickAndyMetroTV,Nonton #kickandy. Menginspirasi sekali
233,positive,KickAndyMetroTV,"#kickandy kita mendukung Ahok, karena orang baik @KickAndyShow @Metro_TV"
234,positive,KickAndyMetroTV,Mantap pak ahok #kickandy
235,positive,KickAndyMetroTV,Manusia bersih pasti berani #KickAndy #TamuAhok
236,positive,KickAndyMetroTV,Suka dengan nasehat Pak Analta Amir yg meminta Ahok menyaring ucapan #kickand
237,positive,KickAndyMetroTV,"Nonton #kickandy Menarik, membuka pikiran, menginspirasi. Sukses selalu"
238,positive,KickAndyMetroTV,inilah jagoan saya!! hahahaha #kickandy
239,positive,KickAndyMetroTV,Salut lah sama orang2 kek gitu #kickandy
240,positive,KickAndyMetroTV,@KickAndyShow semoga tambah ok dan panjang umur. semoga acara nanti malam lancar #kickandy
241,positive,KickAndyMetroTV,Ajang orang-orang saling menginspirasi. #kickandy #kickandyheroes2017
242,positive,KickAndyMetroTV,"Suara Penta Boys ini memang keren banget, pantas jadi juara 1 di Rumania #KickAndy"
243,positive,KickAndyMetroTV,penta Boys ini masih eksis saja dan saya suka suara mereka. Keren #KickAndyp
244,positive,KickAndyMetroTV,"Rupanya, terselip beberapa detik di Kick Andy. Keren dan luar biasa"
245,positive,KickAndyMetroTV,Terimakasih #kickAndy
246,positive,KickAndyMetroTV,Tayangan yang sangat inspiratif yang banyak memberi motivasi kepada kita untuk lebih bisa mencintai orang-orang disabilitas #kickandy
247,positive,KickAndyMetroTV,"perjuagan mereka istimewa, krn mampu menembus keterbatasan sbg rasa syukur pada Allah, sangat menginspirasi. #KickAndy"
248,positive,KickAndyMetroTV,Syukurilah atas kehidupanmu saat ini #kickandy
249,positive,KickAndyMetroTV,"Acara yang sangat menginspirasi sekali, salut #kickandy"
250,positive,KickAndyMetroTV,"suka dengan semua tamu yang diundang, pasti menginspirasi #kickandy"
251,negative,KickAndyMetroTV,kalo udah di puncak jangan lupa sampahnya di bawa turun lagi karena alam bukan tempat nyampah stop nyampah di gunung #kickandy
252,negative,KickAndyMetroTV,RT @KickAndyShow: 61 WNA terancam dideportasi dan lia @gracialia terancam dipidanakan
253,negative,KickAndyMetroTV,Lebih baik menyalakan lilin daripada mengumpat kepada kegelapan #pejuangtangguh #kickandy
254,negative,KickAndyMetroTV,"aku ga mau bohongi diri sendiri. Gimbal Alas, Malang. #kickandy"
255,negative,KickAndyMetroTV,sampan tidak akan dapat belayar di padang pasir betapa pun jua emp http://ilha8253.m.nomor1.net/ilha8253/1001-burung-kertas.htm … #kickandy
256,negative,KickAndyMetroTV,"Bila kita mencari uang, kita akan dipaksa mengupayakan jangan malas http://ln.is/m.nomor1.com/KfMAp … #kickandy"
257,negative,KickAndyMetroTV,"Dalam hidup, terkadang kita lebih banyak mendapatkan apa yang tidak kita inginkan #NOMOR1.net #kickandy"
258,negative,KickAndyMetroTV,"Cobaan suami saat istri sakit, cobaan istri saat suami gak punya duit, miris #kickandy"
259,negative,KickAndyMetroTV,"Terharu mendengar puisi ""Perempuan yang tak berhenti terjaga"" dari anak-anak Ibu Shinta Nuriyah, miris #kickandy"
260,negative,KickAndyMetroTV,"anak itu milik berdua, bukan milik salah satu, bantulah istri mengasuh anak, seperti itu #Gusdur #kickandy"
261,negative,KickAndyMetroTV,"ujian suami adalah saat istri sakit, dan ujian istri adalah saat suami tidak punya apa-apa #kickandy"
262,negative,KickAndyMetroTV,#kickandy Bung Andy cuma mampir dgn gaya remaja sbg idola remaja dan tidak sempat beli
263,negative,KickAndyMetroTV,"Kelemahan Anda hanyalah sementara, karena Anda sedang memperkuatnya, tetapi bila Anda jadi #tekcmi144 #kickandy"
264,negative,KickAndyMetroTV,Kekuatan terbesar yang mampu mengalahkan stress adalah kemampuan memilih pikiran yang tepat. kita akan #hermafik95 #kickandy
265,negative,KickAndyMetroTV,Itu yg saya kesel. Coba kalo sodara km ngantri ke kanker. Coba km rasain. Kok bs gitu fitnah org. #KickAndy #SuaraHatiAhok
266,negative,KickAndyMetroTV,"Klo pulang ke rumah, mati. Ga ada yg urus. Miskin kok. Kita mw taruh dia di apartemen #KickAndy #SuaraHatiAhok"
267,negative,KickAndyMetroTV,Kalo dia berantem tdk ada telor busuk diketeknya #kickandy #pilkadadki
268,negative,KickAndyMetroTV,Pak @basuki_btp mukanya sedih banget pas kakak2 angkatnya ngomong. #kickAndy
269,negative,KickAndyMetroTV,Andy terlihat kaku dan jaga sikap saat mengundang Ahok menjadi tamu. Mungkin agar terlihat lebih formal #kickandy
270,negative,KickAndyMetroTV,Makin stress makin ngantuk #ahok #kickandy
271,negative,KickAndyMetroTV,"Jangan melihat orang dari cover nya aja, tapi lihat lah dia dari sisi lain nya. Fisik bisa saja sm namun isinya berbeda. #KickAndy"
272,negative,KickAndyMetroTV,kayak gajah yg dibilang psikolog di @Metro_TV #KickAndyMetroTv
273,negative,KickAndyMetroTV,Jangan di bakarin dong pak andy @KickAndyShow #kickandymetrot
274,negative,KickAndyMetroTV,bikin sakit perut nonton kisah sarjana tertua di indonesia.. #KickAndyMetroTv
275,negative,KickAndyMetroTV,Pekerjaan yg tdk sesuai dengan kualifikasi pendidikannya #KickAndyMetroTV
276,negative,KickAndyMetroTV,"Tp ttp tdk msk surga, jd ibadahnya sia2 hahaah RT @melanjhe: sp bilang orang bertato tdk boleh beribadah?!? #kickandymetrotv"
277,negative,KickAndyMetroTV,orang bertato tdk boleh beribadah?!? #kickandymetrotv
278,negative,KickAndyMetroTV,Apakah kamu bodoh? Tidak!.. Kamu di bodohi oleh suatu sistem Mike-marjinal @kickandymetrotv
279,negative,KickAndyMetroTV,"Gimana soal UN g bs bocor, pertanyaan Malaikat di alam kubur aja udah bocor. #KickAndyMetroTV"
280,negative,KickAndyMetroTV,Masa ada anak lulus dg nilai palingg tinggi dan lulus SNMPTN Undangan bidik misi pdhl dia susah sekali... @SBYudhoyono #kickandymetrotv
281,negative,KickAndyMetroTV,"Orang Belanda aja peduli sama orang2 indonesia yg berada d daerah terisolir, gimana dg pemerintah indonesia? Zhonk kickandyMetroTV"
282,negative,KickAndyMetroTV,Merinding deh nonton #KickAndyMetroTV
283,negative,KickAndyMetroTV,Indonesia2. Bahkan kita dididik untuk menjadi rusak.. #kickandymetrotv
284,negative,KickAndyMetroTV,Parahnya kualitas pendidikan di Indonesia  #kickandymetrotv
285,negative,KickAndyMetroTV,demi apapun ya kick andy sekarang botak?  #kickandymetrotv
286,negative,KickAndyMetroTV,jadi merasa malu krn kalah dari org yg tdk sempurna tapi mempunyai yg lebih dari org sempurna #kickandymetrotv
287,negative,KickAndyMetroTV,Hukum di Indonesia masih jauh dari kata ADIL #KickAndyMetroTV
288,negative,KickAndyMetroTV,"aku kira makin tua makin keladi, malah jd macan ompong. Melempem. kecewa liat amin rais di @kickandymetrotv"
289,negative,KickAndyMetroTV,"#kickAndyMetroTV MEDIA harus mengisi lebih banyak ttg kisah sukses di TV, bukan gosip, berita rusuh & acara2 GG JELAS, tai kucing!! #CATET"
290,negative,KickAndyMetroTV,"#kickAndyMetroTV jika ingin dihargai orang, hargailah orang lain juga"
291,negative,KickAndyMetroTV,Dibawah sana banyak yg lebih sulit jangan banyak mengeluh #kickandymetrotv
292,negative,KickAndyMetroTV,"Hidup adalah  perjuangan yang melelahkan, capek #kickandy"
293,negative,KickAndyMetroTV,Orang-orang yang berhenti belajar akan menjadi bodoh  #kickandy http://untub6158.m.humandesignindonesia.com/untub6158/rahasia-dalam-memikat-
294,negative,KickAndyMetroTV,"Ambillah waktu untuk berfikir, jangan jadi perusak #kickandy http://koepb3112.m.networknumberone.com/koepb3112/tak-ada-yang-berubah-meski-sa"
295,negative,KickAndyMetroTV,miris ketika melihat banyak perusak di indonesia #kickandy
296,negative,KickAndyMetroTV,sistem Mike-marjinal banyak membodohi orang #kickandy
297,negative,KickAndyMetroTV,stress melihat semua kekacauan yang ada #kickandy
298,negative,KickAndyMetroTV,"kesel banget, coba kalian ada di posisi pak ahok #kickandy"
299,negative,KickAndyMetroTV,"coba pulang kerumah, mati. Ga ada yg urus. Miskin kok. Kita akan taruh dia di apartemen #KickAndy #SuaraHatiAhok"
300,negative,KickAndyMetroTV,"tidak ada orang bodoh, yang ada hanya orang malas"
301,positive,MataNajwaMetroTV,"Setuju. Al misbah, mata najwa dan kick andy program favorit"
302,positive,MataNajwaMetroTV,Metro_TV Mata Najwa: Pancasila Punya Kita http://metrotvn.ws/zNAj3qeb
303,positive,MataNajwaMetroTV,"Selera gue ini gatau akhir2 ini suka banget nonton metro tv kalo ga kick andy mata najwa, selera menua"
304,positive,MataNajwaMetroTV,Mantap Mata Najwa. Pasti seru nih
305,positive,MataNajwaMetroTV,Sahabat2.. yuk nonton Mata Najwa di Metro TV bersama Ketua Umum DPP PKB
306,positive,MataNajwaMetroTV,Suarakan terus kebenaran Mata Najwa
307,positive,MataNajwaMetroTV,"Selamat @NajwaShihab dan keluarga besar @Metro_TV Prestasi yg luar biasa, Dialog keren, rugi klo terlewatkan nonton mata najwa"
308,positive,MataNajwaMetroTV,@TV_MATANAJWA Semoga acara Mata Najwa Metro TV jadi acara favorit dan semakin jaya berkualitas di masa mendatang
309,positive,MataNajwaMetroTV,Pasti menang cuma mata najwa yang paling ok RT @Metro_TV: Dukung Mata Najwa menjadi Program TV terbaik http://tl.gd/nnoc2f
310,positive,MataNajwaMetroTV,"Mata Najwa MetroTV, Inspiratif"
311,positive,MataNajwaMetroTV,KENAPA HARI INI TERASA TENTRAM DAN BAHAGIA NONTON MATA NAJWA @Metro_TV
312,positive,MataNajwaMetroTV,Mata Najwa paling keren acaranya matanya setajam silet
313,positive,MataNajwaMetroTV,Mata Najwa malam ini kayaknya bakal seru banget
314,positive,MataNajwaMetroTV,Mata Najwa memang paling keren Mantap
315,positive,MataNajwaMetroTV,"Keren! Tampil di Kandang Lawan, Pak Anies Baswedan Tampak Gemilang di Mata Najwa Metro TV"
316,positive,MataNajwaMetroTV,memang cukup romantis dan memuaskan pemirsa krn adanya mata najwa semakin sukses
317,positive,MataNajwaMetroTV,Menarik sekali mengikuti diskusi Ahok - Anis di Mata Najwa http://fb.me/5KYy9nAdC
318,positive,MataNajwaMetroTV,ahok merasa pinter dan merasa hebat di debat acara mata najwa metro tv.
319,positive,MataNajwaMetroTV,Mata Najwa dan Metro Tv berpihak pada paslon 3 Untung Ahok cerdas. Semangat pak! Allah bersamamu
320,positive,MataNajwaMetroTV,"Sudah terbukti di mata Najwa, kalau Ahok lebih hebat dari Anis Insaallah Ahok Jarot menang.."
321,positive,MataNajwaMetroTV,"sip, keren. debat ala mata najwa lebih keren daripada ala kpud yg sdh diatur utk lbh jaim"
322,positive,MataNajwaMetroTV,semoga bapak jokowi melihat acara mata najwa supaya masalah masalah yg dipelosok dapat diatasi
323,positive,MataNajwaMetroTV,keren deh. Mata Najwa juga.
324,positive,MataNajwaMetroTV,metro tv keren inspiratif dgn mata najwa nya kick andy
325,positive,MataNajwaMetroTV,metro tv emang tv paling keren ya edukatif dan menginspirasi seperti mata najwa dan kick andy
326,positive,MataNajwaMetroTV,Pemimpin itu harus Cerdas santun Tegas jujur bersih saya pilih AniesSandiPemersatu #MataNajwaMetroTv
327,positive,MataNajwaMetroTV,"Liat pemimpin2 yg islami, cerdas, teladan #matanajwametrotv"
328,positive,MataNajwaMetroTV,rame banget malam ini #MataNajwaMetroTV selalu menunggu topik lain yang seru dan nambah wawasan.
329,positive,MataNajwaMetroTV,Kado indah malam ini. @najwashihab  matanajwametrotv https://instagram.com/p/3OoWqCwgYj/
330,positive,MataNajwaMetroTV,"Tjokro dan rumahnya menjadi teladan, tentang senioritas yang menghidupkan dan bukan mengkerdilkan. #MataNajwaMetroTv"
331,positive,MataNajwaMetroTV,"Semangat bp bambang woidjojayanto,, @matanajwaMetroTv,, #saveKPK"
332,positive,MataNajwaMetroTV,belajar dari gusdur matanajwametrotv
333,positive,MataNajwaMetroTV,"mata najwa, ibu susi bpk dahlan dan bpk faisal basri inspiratif #matanajwametrotv"
334,positive,MataNajwaMetroTV,metro tv keren malam ini yang lg malam mingguan rugi klo ga nonton mata najwa @matanajwametrotv
335,positive,MataNajwaMetroTV,Kemerdekaan adalah hak segala bangsa #TanyaJokowi #MataNajwaMetroTV
336,positive,MataNajwaMetroTV,Seru nih mata najwa malam ini #MATANAJWAMETROTV
337,positive,MataNajwaMetroTV,Salut buat Ahok. #matanajwametrotv #hutjekardah
338,positive,MataNajwaMetroTV,Super Salut dengan Pak Ahok #matanajwametrotv
339,positive,MataNajwaMetroTV,"Matanajwametrotv berwibawa tak byk kata_berkuasa tetap sederhana, kagum"
340,positive,MataNajwaMetroTV,Salut dan bangga sm pak BJ. Habibie utk yg kesekian kalinya #MataNajwaMetroTV
341,positive,MataNajwaMetroTV,"obrolan santai menarik abraham slamet, jk, jokowi, anis baswedan, ganjar #matanajwametrotv"
342,positive,MataNajwaMetroTV,"Anis baswedan , jokowi , ganjar pranowo , JK , abraham samad inspirasi indonesia  Keren !!! #matanajwametrotv"
343,positive,MataNajwaMetroTV,para pemimpin yg luar biasa #MataNajwaMetroTv
344,positive,MataNajwaMetroTV,"Kerendahan, kesederhanaan pak jokowi ini patut di tiru #matanajwametrotv"
345,positive,MataNajwaMetroTV,Seru nih Dahlan Iskan dan ketua DPR #matanajwametroTV
346,positive,MataNajwaMetroTV,Desa Bebas Rokok yg sangat menginspirasi dan ternyata ada. Luar biasa #MataNajwaMetroTV
347,positive,MataNajwaMetroTV,Selalu dan masih terinspirasi dengan cinta BJH dan HAB #matanajwaMetroTV http://myloc.me/8DDtO
348,positive,MataNajwaMetroTV,Selalu memberikan banyak inspirasi #matanajwaMetroTV
349,positive,MataNajwaMetroTV,Narasumber yang luar biasa #matanajwaMetroTV
350,positive,MataNajwaMetroTV,Cie yg lg ada job di @MataNajwa
351,negative,MataNajwaMetroTV,setelah nonton mata najwa soal radikalisme di @Metro_TV langsung keluar berita tersebut. Seram
352,negative,MataNajwaMetroTV,"Mata Najwa acara sampah, yg cuman memperkeruh suasana. Gue sbg pelajar mending pilih ILC. @MataNajwa @NajwaShihab @Metro_TV"
353,negative,MataNajwaMetroTV,kata aneh lagi diacara mata najwa metrotv mengajarkan Islam kepada umat Islam dikatakan Islamisi lebih edan lagi tokoh Islam manggut2
354,negative,MataNajwaMetroTV,ILC mendinginkan Mata Najwa memprovokasi Metro tv emang tv sampah ga bosan2 memojokan islam ! Metro tv perusak pancasila
355,negative,MataNajwaMetroTV,"Laporkan metro tv ke kpi, metro itu stres mata najwa selalu kalah oleh ILC"
356,negative,MataNajwaMetroTV,KECEWA MATA NAJWA MALAM INI TIDAK BERMUTU!! NARASI NAJWA BUKTI DIA GA NGERTI MASALAH KARENA KEBERPIHAKAN JADILAH KEBODOHAN
357,negative,MataNajwaMetroTV,"@Metro_TV untuk acara Mata najwa, host nya @NajwaShihab JANGAN SUKA MENYELA PEMBICARAAN ORANG KALAU BELUM SELESAI. GAK SOPAN"
358,negative,MataNajwaMetroTV,Jadi emosi & sakit hati nonton mata najwa @metro tv. Ganti chanel masakan aja
359,negative,MataNajwaMetroTV,"MASA DARI ISIS MIMIN ITU BOM KP. MELAYU, MAAF KATANYA ISIS ORGANISASI APA IKUT ORGANISASI MBAK MATA NAJWA? BETULKAH ITU MIMIN?"
360,negative,MataNajwaMetroTV,"fotonya kok @Pak_JK , yg integritasnya tdk jelas. Merusak reputasi Mata Najwa aja"
361,negative,MataNajwaMetroTV,gara2 di bantai teman sendiri sesama anggota DPR di mata najwa lu langsung benci metro TV
362,negative,MataNajwaMetroTV,@Metro_TV Muak melihat kesombongan FZ di acara live Mata Najwa
363,negative,MataNajwaMetroTV,"males lihat @Metro_TV biarpun yg datang org nomor satu dunia, ogah. @Metro_TV dan pembawa acara mata najwa sdh dicontreng hitam"
364,negative,MataNajwaMetroTV,"keseringan masuk @Metro_TV dan bergaul sama mata najwa, engga diapa-apain ngadu2"
365,negative,MataNajwaMetroTV,"Kan udah bilang di mata najwa metro tv, tanya aja sendiri ke bapak anis, kok fitnah"
366,negative,MataNajwaMetroTV,Kenapa MUI tidak mengeluarkan Fatwa Haram Korupsi? Rasanya harus undang jg para petinggi MUI di mata najwa
367,negative,MataNajwaMetroTV,"Bravo Mata Najwa.. Debat Pilgub DKI kali ini garing,kalah sama MataNajwa yg mampu menggali lbh dalam #MataNajwa @Metro_TV"
368,negative,MataNajwaMetroTV,"#BatalDebatKarena Kasihan... pas debat Mata Najwa di metrotv aja Pak Basuki sudah hampir nangis, ga kebayang kemarin debat lagi"
369,negative,MataNajwaMetroTV,Setelah acara di mata najwa kasihan Pak Anies jd bulan2an di medsos untuk dihujat #AhokDjarotDiRosi
370,negative,MataNajwaMetroTV,"Nyetel metro tv mata najwa debat kemaren Bikin kesel masalah rumah, coba cek skrg msh ada ga itu rumah di webnya"
371,negative,MataNajwaMetroTV,"waktu awal sandi muncul sbg cawagub di metro tv dlm acara mata najwa, pak sandi sdh berbohong...."
372,negative,MataNajwaMetroTV,Ini Kesaksian Mengejutkan Pendukung Anies Yang Merasa Tertipu Di Acara Mata Najwa. MENIPU @Metro_TV @MataNajwa
373,negative,MataNajwaMetroTV,"#MataNajwaDebatJakarta  Di kandang Ahok, Metro TV, dan mata Najwa  Mereka bagaikan sampah yg berserakan Anies pilihanku  Pasti"
374,negative,MataNajwaMetroTV,Katanya boikot MetroTV tp kok ngintip Mata Najwa
375,negative,MataNajwaMetroTV,"Malas lihat Anies, bawa sial aja ini orang, lebih baik lihat Ahok aja di Mata Najwa"
376,negative,MataNajwaMetroTV,Nonton Mata Najwa @Metro_TV gw liat Anies ngomong bikin ngantuk #anaktangsel
377,negative,MataNajwaMetroTV,mata najwa  selalu menuduh menjelekan lawan memfonis lawan
378,negative,MataNajwaMetroTV,"Liat Mata Najwa @Metro_TV males, diskusi @basuki_btp sama @aniesbaswedan ga imbang.. salah satunya jualan mimpi"
379,negative,MataNajwaMetroTV,kayaknya mata Najwa mengadu domba kedua cagub di putaran 2 Pilkada DKI nih...
380,negative,MataNajwaMetroTV,"gak mungkin saya di penjara, saksinya aja palsu kok. Kata pak Ahok  #TerbuktiTeruji #MataNajwaMetroTv"
381,negative,MataNajwaMetroTV,"pak anis pak anis, rekaman 2 thn lalu msh disimpan loh sm metrotv  gak malu ya nelen ludah sendri? #MataNajwaMetroTv"
382,negative,MataNajwaMetroTV,Sebagus apapun sistem ketika yang menjalankan orang yg tidak baik. Maka jadilah sistem itu tidak baik pula #matanajwametrotv
383,negative,MataNajwaMetroTV,"Ridwan Bae tai  Tampang aja udah ngeselin, ayo mbk nana bully trus si Bae,, #MataNajwaMETROTV"
384,negative,MataNajwaMetroTV,Miris liat pengaturan skor di sepakbola indonesia  #matanajwametrotv
385,negative,MataNajwaMetroTV,"Dahulu pemuda berperang melawan penjajah, sekarang pemuda melawan kebiasaan buruk yang tak kunjung berubah #matanajwametrotv"
386,negative,MataNajwaMetroTV,Pasrah pak ? Haha TAI #MataNajwaMetroTV #SepakBolaMilikSiapa?
387,negative,MataNajwaMetroTV,"lo bilang kita2 ga punya kerjan ya, @radityadika #MataNajwaMetroTv"
388,negative,MataNajwaMetroTV,PSSI tempat pelacur diri sudah tak punya hati nurani! memalukan @MataNajwaMetroTV
389,negative,MataNajwaMetroTV,#MataNajwaMetroTV jembatan comal masih blm jadi... akibatya padat merayap...
390,negative,MataNajwaMetroTV,Bagaimana penegak MELANGGAR hukum? Kita TIDAK membayar SERAGAM mereka hanya untuk menegakkan HUKUM RIMBA @MataNajwa #MataNajwaMetroTv
391,negative,MataNajwaMetroTV,Pak wapresnya diketawain mulu ( bajusama staff hotel & celana robek ) @boediono  #matanajwametrotv
392,negative,MataNajwaMetroTV,RT @PutryVanVan: pemimpin itu mendongrak keadaan bukan mengokohkan materi #Matanajwametrotv
393,negative,MataNajwaMetroTV,"Tdk cukup dg menonton saja, km harus masuk kedalamnya untuk melakukan perubahan Ahok MataNajwaMetroTV"
394,negative,MataNajwaMetroTV,lembaga negara di indonesia bobrok semua...  #matanajwametrotv
395,negative,MataNajwaMetroTV,Org2 tolol. Dibilang DI DUGA dia udh mencak2. Yakin bgt jd tersangka #MataNajwaMetroTV
396,negative,MataNajwaMetroTV,ini apa banget deh gw paling kesel klo orang2 pada debat pake emosi gini @matanajwametrotv
397,negative,MataNajwaMetroTV,Orang miskin semakin miskin klo sekolah melakukan pungutan liar terus
398,negative,MataNajwaMetroTV,"ga boLeh emosi, cepat tua, nonton #matanajwametrotv ,lihat bapak #hotmansutapea tiba2 ikut emosi bicara"
399,negative,MataNajwaMetroTV,"dr penampilan saja kyk preman taunya bkin kisruh, perusak #matanajwametrotv"
400,negative,MataNajwaMetroTV,"Jawab aja ga usah berbelit-belit. Muter2 ga jelas, Buang2 waktu. ga mutu #matanajwametroTV"
